	SMILES
0	CC=C(C)C(=O)OC1CCN2C1C(=CC2)COC(=O)C(C(C)OC)(C(C)(C)O)O
1	CC(=C)C1CCC(=CC1)CO
2	CC(C)C1=C(C(=C2C=C3C=CC(=O)C(C3=CC(=O)C2=C1)(C)C)O)OC
3	CC(C)C1=C(C(=C2C=C3C=CC(=O)C(C3=CC(=O)C2=C1)(C)C)OC)OC
4	CC1=C2C(C(C3(C(CC(C2(C)C)CC1OC(=O)C)C(=C)C(CC3OC(=O)C)OC(=O)C=CC4=CC=CC=C4)C)OC(=O)C)OC(=O)C
5	CC(CCC=C(C)C(=O)O)C1CCC2(C1(CCC34C2CCC5C3(C4)CCC(C5(C)C)O)C)C
6	CCOC(=O)C1=CC(=C(C(=C1)O)O)O
7	COC1=C(C2=C[N+]3=C(C=C2C=C1)C4=CC5=C(C=C4CC3)OCO5)OC
8	CC1CCC2(C(C3C(O2)CC4C3(CCC5C4CC=C6C5(CCC(C6)OC7C(C(C(C(O7)CO)OC8C(C(C(C(O8)C)O)O)O)O)OC9C(C(C(C(O9)C)O)O)O)C)C)C)NC1
9	CC1CCC(NC1)C(C)C2C(CC3C2(CCC4C3CC=C5C4(CCC(C5)OC6C(C(C(C(O6)CO)O)O)O)C)C)O
10	CC1CCC2(CCC3(C(=CCC4C3(CCC5C4(CCC(C5(C)C)O)C)C)C2C1C)C)C(=O)O
11	C1=CC=C(C=C1)C2=CC(=O)C3=C(O2)C=C(C(=C3O)O)O
12	C1=CC=C(C=C1)C2=CC(=O)C3=C(C(=C(C=C3O2)OC4C(C(C(C(O4)C(=O)O)O)O)O)O)O
13	CC1C(C(CC(O1)OC2C(OC(CC2OC)OC3C(OC(C(C3OC)O)OC4CCC5(C6CC=C7C8C(COC8(OC7=O)C)OC(=O)C6CC=C5C4)C)C)C)OC)O
14	C[C@@H]([C@@H]([C@H]([C@H]1O)O)O)O[C@@H]1O[C@H]([C@H]1O)[C@H](Oc(cc(cc2C(c3cc(C)cc(O)c33)=O)OC)c2C3=O)O[C@H](CO)[C@H]1O
15	CC[C@H](C[C@H]([C@@H](C)[C@H]1CC[C@@H]2[C@@]1(CC[C@H]3C2=CC(=O)[C@@H]4[C@@]3(CC[C@@H]([C@H]4C)OC(=O)C5=CC=CC=C5)C)C)O)C(C)C
16	CC1CCC2(C(C3C(O2)CC4C3(CCC5C4CC=C6C5(CCC(C6)OC7C(C(C(C(O7)CO)OC8C(C(C(C(O8)C)O)O)O)O)O)C)C)C)NC1
17	C[C@@H]1CC[C@@]2([C@H]([C@H]3[C@@H](O2)C[C@@H]4[C@@]3(CC[C@H]5[C@H]4CC=C6[C@@]5(CC[C@@H](C6)O)C)C)C)NC1
18	C1C[N+]2=C(C=C3C=CC4=C(C3=C2)OCO4)C5=CC6=C(C=C51)OCO6
19	CC(=O)C1=C(C=C(C=C1)OC)O
20	C1=C(C=C(C(=C1O)O)O)C(=O)O
22	CC[C@H](/C=C/[C@@H](C)[C@H]1CC[C@@H]2[C@@]1(CC[C@H]3[C@H]2CC=C4[C@@]3(CC[C@@H](C4)O)C)C)C(C)C
23	CO[C@@H]1C[C@@H]2[C@]3(C=C1)[C@H](CN2CC4=CC5=C(C=C34)OCO5)O
24	C1=CC(=CC=C1/C=C/C2=CC(=CC(=C2)O)O)O
25	COC1=CC(=CC(=C1)O)/C=C/C2=C(C(=C(C=C2)O)OC)OC
26	COC1=CC(=CC(=C1)O)/C=C/C2=C(C(=CC=C2)O)OC
27	COC1=CC=CC(=C1OC)/C=C/C2=CC(=CC(=C2)OC)O
28	C1=CC(=CC(=C1)O)/C=C/C2=CC(=CC(=C2)O)O
29	C1=CC(=O)O[C@@H]1CO[C@H]2[C@@H]([C@H]([C@@H]([C@H](O2)CO)O)O)O
30	C1=CC(=CC=C1/C=C/C(=O)C2=C(C=C(C=C2)O)O)O
31	C1CN[C@H]2CC3=CC=CC=C3C4=C2C1=CC5=C4OCO5
32	CC1=C2C(=NC=C1)C3=C(C2=O)C=CC(=C3O)OC
33	C/C/1=C\CC[C@@]2([C@@H](O2)[C@@H]3[C@@H](CC1)C(=C)C(=O)O3)C
34	C[C@@H]1[C@@H]([C@@H]([C@H]([C@@H](O1)O[C@H]2CC[C@]3([C@H]([C@]2(C)CO)CC[C@@]4([C@@H]3C=CC5=C6CC(CC[C@@]6([C@@H](C[C@@]54C)O)CO)(C)C)C)C)O)O[C@H]7[C@H]([C@H]([C@@H]([C@H](O7)CO)O)O)O)O
35	C1=CC=C(C=C1)[C@@H]2[C@H]([C@H]3[C@@H](O2)C=CC(=O)O3)O
36	C1C=CC(=O)O[C@@H]1/C=C/C2=CC=CC=C2
37	C[C@H]1CC[C@@]2([C@H]([C@H]3[C@@H](O2)C[C@@H]4[C@@]3(CC[C@H]5[C@H]4CC[C@H]6[C@@]5(CC[C@@H](C6)O[C@H]7[C@@H]([C@H]([C@@H]([C@H](O7)CO)O[C@H]8[C@@H]([C@H]([C@@H](CO8)O)O)O)O)O)C)C)C)OC1
38	C[C@H]1CC[C@@]2([C@H]([C@H]3[C@@H](O2)C[C@@H]4[C@@]3(CC[C@H]5[C@H]4CC[C@H]6[C@@]5(CC[C@@H](C6)O[C@H]7[C@@H]([C@H]([C@@H]([C@H](O7)CO)O)O)O[C@H]8[C@@H]([C@H]([C@@H]([C@H](O8)CO)O)O)O)C)C)C)OC1
39	C[C@H]1CC[C@@]2([C@H]([C@H]3[C@@H](O2)C[C@@H]4[C@@]3(CC[C@H]5[C@H]4CC[C@H]6[C@@]5(CC[C@@H](C6)O[C@H]7[C@@H]([C@H]([C@@H]([C@H](O7)CO)O)O)O[C@H]8[C@@H]([C@H]([C@@H]([C@H](O8)CO)O[C@H]9[C@@H]([C@H]([C@@H](CO9)O)O)O)O)O)C)C)C)OC1
40	C=C[C@H](/C=C/C1=CC=C(C=C1)O)C2=CC=C(C=C2)O
41	COC1=C(C=CC(=C1)[C@@H](C=C)/C=C/C2=CC=C(C=C2)O)O
42	C/C/1=C\CCC2=C[C@H](C/C(=C/CC1)/C)OC2=O
43	CC(=O)OC[C@]1([C@@H]2CC[C@H]3[C@]45CCCC([C@H]4[C@@H]([C@]([C@@]3([C@@H]1O)C2O)(OC5)O)OC(=O)C)(C)C)O
44	CC[C@H](CC[C@@H](C)[C@H]1CC[C@@H]2[C@@]1(CC[C@H]3[C@H]2CC=C4[C@@]3(CC[C@@H](C4)O)C)C)C(C)C
45	CCCCCCCCCCCCCCCCCCCCCCCCCCCCCCCCCC1=CC=C(C=C1)OCCC(=O)O
46	C[C@]12CCCC([C@@H]1CC[C@@]([C@@H]2CC[C@@](C)(C=C)O)(C)O)(C)C
47	CC(=O)OC1=CC(=CC(=C1)OC)O
48	CC[C@H](CC[C@@H](C)[C@H]1CC[C@@H]2[C@@]1(CC[C@H]3[C@H]2CCC4=CC(=O)CC[C@]34C)C)C(C)C
49	CC1=CC(C(C=CC1=O)(C)C)O
50	C[C@H]1C(=O)O[C@@H]/2[C@]1([C@H]([C@H]3[C@@]([C@H](/C=C/C(=C2)/COC)OC(=O)C)([C@H]([C@H]([C@H]([C@]34CO4)OC(=O)C)OC(=O)C)OC(=O)C)C)OC(=O)C)O
51	CC1=C2[C@@]3(C[C@@H]1OC(=O)C)[C@H]([C@@H]4[C@]([C@@]2(C(=O)OC3(C)C)O)([C@H](C[C@@H]5[C@]4(CO5)OC(=O)C)O)C)OC(=O)C6=CC=CC=C6
52	CC1=C2[C@H](C(=O)[C@@]3([C@H](C[C@@H]4[C@]([C@H]3[C@@H]([C@@](C2(C)C)(C[C@@H]1OC(=O)[C@@H]([C@H](C5=CC=CC=C5)NC(=O)C6=CC=CC=C6)O)O)OC(=O)C7=CC=CC=C7)(CO4)OC(=O)C)O)C)OC(=O)C
53	CC1=C2[C@H]([C@@H]([C@@]3([C@H](C[C@@H]4[C@]([C@H]3[C@@H]([C@@]2(C[C@@H]1O)C(C)(C)O)OC(=O)C)(CO4)OC(=O)C)O)C)O)O
54	CC1=C2[C@@]3(C[C@@H]1O)[C@H]([C@H]4[C@]([C@@]2(C(=O)OC3(C)C)O)([C@H](C[C@@H]5[C@]4(CO5)OC(=O)C)O)C)OC(=O)C6=CC=CC=C6
55	C[C@H]1[C@@H]([C@H]([C@H]([C@@H](O1)O[C@@H]2[C@H]([C@H](CO[C@H]2O[C@H]3CC[C@]4([C@H]([C@]3(C)CO)CC[C@@]5([C@@H]4CC=C6[C@]5(CC[C@@]7([C@H]6CC(CC7)(C)C)C(=O)O)C)C)C)O)O)O)O)O
56	C[C@H]1[C@@H]([C@H]([C@H]([C@@H](O1)O[C@@H]2[C@H]([C@@H]([C@H](O[C@H]2O[C@H]3CC[C@@]4([C@H]5CC[C@@H]6[C@H](CC[C@]6([C@@]5([C@H](C[C@H]4C3(C)C)O)C)C)[C@@](C)(C(/C=C/C(C)(C)OC)O)O)C)CO)O)O)O)O)O
57	C1[C@@H]([C@@]([C@H]2[C@@](C1)([C@@H]1[C@@](CC2)([C@]2(C(=CC1)[C@H]1[C@@](CC2)(CCC(C1)(C)C)C(=O)O)C)C)C)(C)CO)O[C@H]1OC[C@H]([C@H]([C@H]1O[C@H]1[C@@H]([C@@H]([C@H]([C@@H](O1)C)O)O[C@H]1[C@@H]([C@H]([C@H](CO1)OC(=O)C)OC(=O)C)O)O)O)O
58	C[C@H]1[C@@H]([C@H]([C@H]([C@@H](O1)O[C@@H]2[C@H]([C@H](CO[C@H]2O[C@H]3CC[C@]4([C@H]([C@]3(C)CO)CC[C@@]5([C@@H]4CC=C6[C@]5(CC[C@@]7([C@H]6CC(CC7)(C)C)C(=O)O)C)C)C)O)O)O)O[C@H]8[C@@H]([C@H]([C@@H](CO8)O)O)O)O
59	C[C@H]1[C@@H]([C@H]([C@H]([C@@H](O1)O[C@@H]2[C@H]([C@@H]([C@H](O[C@H]2O[C@H]3CC[C@@]4([C@H]5CC[C@@H]6[C@H](CC[C@]6([C@@]5([C@H](C[C@H]4C3(C)C)O)C)C)[C@@](C)(C(CC=C(C)C)O)O)C)CO)O)O)O)O)O
61	C[C@H]1[C@@H]([C@H]([C@H]([C@@H](O1)O[C@H]2CC[C@]3([C@H]([C@]2(C)CO)CC[C@@]4([C@@H]3CC=C5[C@]4(CC[C@@]6([C@H]5CC(CC6)(C)C)C(=O)O)C)C)C)O[C@H]7[C@@H]([C@@H]([C@H]([C@@H](O7)C)O)O[C@H]8[C@@H]([C@H]([C@H](CO8)O)OC(=O)C)O)O)O)O
62	C[C@H]1[C@@H]([C@H]([C@H]([C@@H](O1)O[C@H]2CC[C@]3([C@H]([C@]2(C)CO)CC[C@@]4([C@@H]3CC=C5[C@]4(CC[C@@]6([C@H]5CC(CC6)(C)C)C(=O)O)C)C)C)O[C@H]7[C@@H]([C@@H]([C@H]([C@@H](O7)C)O)O[C@H]8[C@@H]([C@H]([C@H](CO8)OC(=O)C)O)O)O)O)O
63	C[C@H]1[C@@H]([C@H]([C@H]([C@@H](O1)O[C@H]2CC[C@]3([C@H]([C@]2(C)CO)CC[C@@]4([C@@H]3CC=C5[C@]4(CC[C@@]6([C@H]5CC(CC6)(C)C)C(=O)O)C)C)C)O[C@H]7[C@@H]([C@@H]([C@H]([C@@H](O7)C)O)O[C@H]8[C@@H]([C@H]([C@@H](CO8)O)OC(=O)C)OC(=O)C)O)O)O
64	CN1CC[C@]23C=C(C(=O)C=C2[C@H]1CC4=CC(=C(C=C34)O)OC)OC
65	CN1CC[C@@]23C=C(C(=O)C=C2[C@@H]1CC4=C3C(=C(C=C4)OC)O)OC
66	C1CC(=O)N(C1)C(=O)N
67	C[C@@H]1CC[C@H](CC2=C1C=CC(=N2)C)C(C)(C)O
68	C[C@H](CC(=O)C[C@@H](C)C(=O)O)[C@H]1C[C@@H]([C@@]2([C@@]1(CC(=O)C3=C2[C@H](C[C@@H]4[C@@]3(CC[C@@H](C4(C)C)O)C)O)C)C)O
69	C[C@H](CCC(=O)O)[C@H]1CC(=O)[C@@]2([C@@]1(CC(=O)C3=C2[C@H](C[C@@H]4[C@@]3(CCC(=O)C4(C)C)C)O)C)C
70	CCCCCCCCC[C@@H]([C@@H]1CC[C@H](O1)[C@@H]2CC[C@H](O2)CCCCCCCCCC[C@@H](CC3=C[C@@H](OC3=O)C)O)O
71	CCCCCCCCC[C@@H]([C@@H]1CC[C@@H](O1)[C@H]2CC[C@H](O2)CCCCCCCCCC[C@@H](CC3=C[C@@H](OC3=O)C)O)O
72	CCC[C@H]([C@@H](CCCCCCCC[C@H]([C@H]1CC[C@@H](O1)CCCCCCCCCC[C@H](CC2=C[C@@H](OC2=O)C)O)O)O)O
73	CCCCCCCCCC[C@@H]([C@H]1CC[C@@H](O1)[C@H]2CC[C@@H](O2)[C@@H](CCCC[C@@H](CCCCC[C@H](CC3=C[C@@H](OC3=O)C)O)O)O)O
74	CCCCCCCCCCCC[C@H]([C@H]1CC[C@H](O1)[C@H](CCCCCCC(CCCCC[C@H](CC2=C[C@@H](OC2=O)C)O)O)O)O
75	CCCCCCCCCC[C@H]([C@H]1CC[C@@H](O1)[C@H]2CC[C@@H](O2)[C@@H](CCCCCCCCCC[C@H](CC3=C[C@@H](OC3=O)C)O)O)O
76	CCCCCCCCCC[C@H]([C@@H]1CC[C@H](O1)[C@@H]2CC[C@H](O2)[C@H](CCCCCCCCCCC(CC3=CC(OC3=O)C)O)O)O
77	CCCCCCCCCCCC[C@H]([C@H]1CC[C@@H](O1)[C@@H](CCCC[C@@H](CCCCCCCC2=C[C@@H](OC2=O)C)O)O)O
78	CCCCCCCCCCCC[C@H]([C@H]1CC[C@H](O1)[C@H](CCCCC(=O)CCCCCCCC2=C[C@@H](OC2=O)C)O)O
79	CCCCCCCCCCCCCC[C@H]([C@H]1CC[C@@H](O1)[C@@H](CC[C@@H](CCCCCCCC2=C[C@@H](OC2=O)C)O)O)O
80	CCCCCCCCCCCCC(C(CCC(C1CCC(O1)CCCCCCC[C@H](CC2=C[C@@H](OC2=O)C)O)O)O)O
81	CCCCCC(C(CCCCCC[C@@H]([C@@H]1CC[C@H](O1)CCCCCCCCCC[C@H](CC2=C[C@@H](OC2=O)C)O)O)O)O
82	CCCCCC(C(CCCCCC[C@@H]([C@@H]1CC[C@H](O1)CCCCCCCCCC[C@@H](CC2=C[C@@H](OC2=O)C)O)O)O)O
83	CCCCCCCC(C(CC[C@@H]([C@@H]1CC[C@H](O1)CCCCCCCCCCCC[C@H](CC2=C[C@@H](OC2=O)C)O)O)O)O
84	CCCCCCCC(C(CC[C@@H]([C@@H]1CC[C@H](O1)CCCCCCCCCC[C@H](CC2=C[C@@H](OC2=O)C)O)O)O)O
85	CCCCC(C(C/C=C\CC[C@@H]([C@@H]1CC[C@H](O1)CCCCCCCCCCCC[C@H](CC2=C[C@@H](OC2=O)C)O)O)O)O
86	CCCCCCCC(C(CCCC[C@H]([C@H]1CC[C@@H](O1)CCCCCCCCCCCCC2=C[C@@H](OC2=O)C)O)O)O
87	CCCCC/C=C\CCC(C(CCCC[C@H]([C@H]1CC[C@@H](O1)CCCCCCCCCCCCC2=C[C@@H](OC2=O)C)O)O)O
88	CCCCCCCCCC[C@@H]([C@H]1CC[C@@H](O1)[C@H]2CC[C@@H](O2)[C@@H](CCCCCCCCCCC3=C[C@@H](OC3=O)C)O)O
89	C[C@H]1C=C(C(=O)O1)C[C@@H](CCCCCCCCCC[C@H]([C@H]2CCC(=O)O2)O)O
90	CCCCCCC(CCC[C@@H]([C@H]1CC[C@@H](O1)[C@H]2CC[C@@H](O2)[C@@H](CCCCC(CCCCCCCC3=CC(OC3=O)C)O)O)O)O
91	CCCCCC[C@@H](CCC[C@@H]([C@H]1CC[C@@H](O1)[C@H]2CC[C@@H](O2)[C@@H](CCCCCCCCCCCCC3=C[C@@H](OC3=O)C)O)O)O
92	CCCCCCCCCC[C@@H]([C@H]1CC[C@@H](O1)[C@H]2CC[C@@H](O2)[C@@H](CCCCCCCCCCCCC3=C[C@@H](OC3=O)C)O)O
93	CC(=C1C=C(C(=O)O1)CN2CCCC2=O)C
94	CC[C@@]1(C2=C(COC1=O)C(=O)N3CC4=CC5=CC=CC=C5N=C4C3=C2)O
95	CC(=O)N[C@H]1CCC2=CC(=C(C(=C2C3=CC=C(C(=O)C=C13)OC)OC)OC)OC
96	C/C(=C\CO)/C(=O)O[C@@H]1C[C@@](C2[C@@H]([C@@H]3[C@](C2[C@@H]4[C@@H]1C(=C)C(=O)O4)(O3)C)OC(=O)C)(CCl)O
97	CC(=C)[C@@H]1CC[C@]2([C@@H](CC[C@]([C@@H]2C1)(C)O)O)C
98	CC(C)[C@@H]1CC[C@]2([C@@H](CCC(=C)[C@@H]2[C@H]1O)O)C
99	CC(C)[C@@H]1CC[C@]2([C@@H](CCC(=C)[C@@H]2[C@H]1O)O[C@H]3[C@@H]([C@H]([C@@H]([C@H](O3)CO)O)O)O)C
100	C/C=C(/C)\C(=O)O[C@@H]1CC(=C2C[C@@H]([C@]([C@@H]2[C@@H]3[C@@H]1C(=C)C(=O)O3)(C)O)O)CO
101	C/C(=C\CO)/C(=O)O[C@@H]1C[C@@]([C@H]2[C@@H]([C@@H]3[C@@H]1C(=C)C(=O)O3)[C@]4([C@@H]([C@H]2O)O4)C)(CCl)O
102	CC(C)[C@@]12[C@@H](O1)[C@H]3[C@@]4(O3)[C@]5(CCC6=C([C@@]5(C[C@H]7[C@]4(C2=O)O7)O)COC6=O)C
103	C[C@@H](CO)[C@@]12[C@@H](O1)[C@H]3[C@@]4(O3)[C@]5(CCC6=C([C@@H]5C[C@H]7[C@]4(C2=O)O7)COC6=O)C
104	CC(C)[C@@]12[C@@H](O1)[C@H]3[C@@]4(O3)[C@]5(CCC6=C([C@@H]5C[C@H]7[C@]4([C@@H]2O)O7)COC6=O)C
105	CC(C)[C@@]12[C@@H](O1)[C@H]3[C@@]4(O3)[C@]5(CCC6=C([C@@H]5C[C@H]7[C@]4(C2=O)O7)COC6=O)C
106	CC1=CC2=C(C=C1O)[C@]3(CC[C@@H](C([C@@H]3C=C2)(C)C)O)C
107	CC1=CC2=C(C=C1O)[C@]3(CC[C@@H](C(C3=CC2=O)(C)C)O)C
108	CC1=C(C2=C(C=C1)C=C(C(=C2)O)C)CCC(=O)C(C)C
109	C[C@@H](CCC[C@H](C)CCC/C(=C/CO)/C)CCCC(C)C
110	C[C@]12CC[C@@]34C[C@@]35CCC(=O)C([C@@H]5C[C@@H]([C@H]4[C@@]1(CC[C@@H]2[C@]6(CCC(=O)O6)C)C)O)(C)C
111	C[C@H](CC/C=C(/C)\C(=O)O)[C@H]1CC[C@@]2([C@@]1(CC[C@]34[C@H]2CC[C@@H]5[C@]3(C4)CCC(=O)C5(C)C)C)C
112	C[C@]12CC[C@@H](C([C@@H]1CC[C@@]3([C@@H]2CC=C4[C@]3(CC[C@@]5([C@H]4CC(CC5)(C)C)C(=O)O)C)C)(C)C)O
113	C[C@H]1[C@@H]([C@H]([C@H]([C@@H](O1)O[C@@H]2[C@H]([C@H]([C@H](O[C@H]2OC(=O)[C@]34CCC(C[C@H]3C5=CC[C@@H]6[C@]7(CC[C@@H](C([C@@H]7CC[C@]6([C@@]5(C[C@H]4O)C)C)(C)C)O[C@H]8[C@@H]([C@H]([C@H]([C@H](O8)CO[C@@H]9[C@H]([C@@H]([C@@H](CO9)O)O)O[C@H]1[C@@H]([C@H]([C@@H](CO1)O)O)O)O)O)O)C)(C)C)COC(=O)/C(=C/CC[C@@](C)(C=C)O)/C)O)O)O[C@H]1[C@@H]([C@H]([C@@H]([C@H](O1)CO)O)O)O)O)O[C@H]1[C@@H]([C@H]([C@@H](CO1)O)O[C@H]1[C@@H]([C@H]([C@@H](CO1)O)O)O)O
114	C[C@H]1[C@@H]([C@H]([C@H]([C@@H](O1)O[C@@H]2[C@H]([C@@H]([C@H](O[C@H]2OC(=O)[C@@]34CC[C@@]5(C(=CC[C@H]6[C@]5(CC[C@@H]7[C@@]6(CC[C@@H](C7(C)C)O[C@H]8[C@@H]([C@H]([C@@H]([C@H](O8)CO[C@H]9[C@@H]([C@H]([C@H](CO9)O)O)O[C@H]1[C@@H]([C@H]([C@@H](CO1)O)O)O)O)O)O)C)C)[C@@H]3CC(CC4)(C)C)C)COC(=O)/C(=C/CC[C@@](C)(C=C)O)/CO)O)O)O)O)O[C@H]1[C@@H]([C@H]([C@@H](CO1)O)O[C@H]1[C@@H]([C@H]([C@@H](CO1)O)O)O)O
115	C[C@H]1[C@@H]([C@H]([C@H]([C@@H](O1)O[C@@H]2[C@H]([C@@H]([C@H](O[C@H]2OC(=O)[C@]34CCC(C[C@H]3C5=CC[C@@H]6[C@]7(CC[C@@H](C([C@@H]7CC[C@]6([C@@]5(C[C@H]4O)C)C)(C)C)O[C@H]8[C@@H]([C@H]([C@@H]([C@H](O8)CO[C@@H]9[C@H]([C@@H]([C@H](CO9)O)O)O[C@H]1[C@@H]([C@H]([C@@H](CO1)O)O)O)O)O)O)C)(C)C)COC(=O)/C(=C/CC[C@@](C)(C=C)O)/CO)O)O)O[C@H]1[C@@H]([C@H]([C@H]([C@H](O1)CO)O)O)O)O)O[C@H]1[C@@H]([C@H]([C@@H](CO1)O)O[C@H]1[C@@H]([C@H]([C@@H](CO1)O)O)O)O
116	C[C@H]1[C@@H]([C@H]([C@H]([C@@H](O1)OC[C@@H]2[C@H]([C@@H]([C@H]([C@@H](O2)OC(=O)[C@]34CCC(C[C@H]3C5=CC[C@@H]6[C@]7(CC[C@@H](C([C@@H]7CC[C@]6([C@@]5(C[C@H]4O)C)C)(C)C)O[C@H]8[C@@H]([C@H]([C@@H]([C@H](O8)CO[C@H]9[C@@H]([C@H]([C@H](CO9)O)O)O[C@H]1[C@@H]([C@H]([C@@H](CO1)O)O)O)O)O)O)C)(C)C)O[C@H]1[C@@H]([C@@H]([C@H]([C@@H](O1)C)O[C@H]1[C@@H]([C@H]([C@@H](CO1)O)O[C@H]1[C@@H]([C@H]([C@@H](CO1)O)O)O)O)O)O)O)O)OC(=O)/C(=C/CCC(C)(C=C)O)/CO)OC(=O)/C(=C/CC[C@@](C)(C=C)O)/C)O
117	C[C@H]1[C@@H]([C@H]([C@H]([C@@H](O1)O[C@@H]2[C@H]([C@@H]([C@H](O[C@H]2OC(=O)[C@@]34CC[C@@]5(C(=CC[C@H]6[C@]5(CC[C@@H]7[C@@]6(CC[C@@H](C7(C)C)O[C@H]8[C@@H]([C@H]([C@H]([C@H](O8)CO[C@H]9[C@@H]([C@@H]([C@@H](CO9)O)O)O[C@H]1[C@@H]([C@H]([C@@H](CO1)O)O)O)O)O)O)C)C)[C@@H]3CC(CC4)(C)C)C)COC(=O)/C(=C/CC[C@@](C)(C=C)O)/C)O)OC(=O)/C(=C/CC[C@@](C)(C=C)O)/CO)O)O)O[C@H]1[C@@H]([C@H]([C@@H](CO1)O)O[C@H]1[C@@H]([C@H]([C@@H](CO1)O)O)O)O
118	C[C@H]1[C@@H]([C@H]([C@H]([C@@H](O1)O[C@@H]2[C@H]([C@@H]([C@H](O[C@H]2OC(=O)[C@@]34CC[C@@]5(C(=CC[C@H]6[C@]5(CC[C@@H]7[C@@]6(CC[C@@H](C7(C)C)O[C@H]8[C@@H]([C@H]([C@H]([C@H](O8)CO[C@@H]9[C@@H]([C@@H]([C@@H](CO9)O)O)O[C@H]1[C@@H]([C@H]([C@@H](CO1)O)O)O)O)O)O)C)C)[C@@H]3CC(CC4)(C)C)C)COC(=O)/C(=C/CC[C@@](C)(C=C)O[C@@H]1[C@H]([C@H]([C@@H](CO1)O)O)OC(=O)/C(=C/CC[C@@](C)(C=C)O)/C)/C)O)OC(=O)/C(=C/CC[C@@](C)(C=C)O)/C)O)O)O[C@H]1[C@@H]([C@H]([C@@H](CO1)O)O[C@H]1[C@@H]([C@H]([C@@H](CO1)O)O)O)O
119	C[C@H]1[C@@H]([C@H]([C@H]([C@@H](O1)O[C@@H]2[C@H]([C@@H]([C@H](O[C@H]2OC(=O)[C@@]34CC[C@@]5(C(=CC[C@H]6[C@]5(CC[C@@H]7[C@@]6(CC[C@@H](C7(C)C)O[C@]8([C@@H]([C@H]([C@@H]([C@H](O8)CO[C@H]9[C@@H]([C@H]([C@H](CO9)O)O)O[C@H]1[C@@H]([C@H]([C@@H](CO1)O)O)O)O)O)O)O)C)C)[C@@H]3CC(CC4)(C)C)C)COC(=O)/C(=C/CC[C@@](C)(C=C)O)/CO)O)O)O)O)O[C@H]1[C@@H]([C@H]([C@@H](CO1)O)O[C@H]1[C@@H]([C@H]([C@@H](CO1)O)O)O)O
120	C1=CC(=CC=C1[C@H]2[C@@H](C(=O)C3=C(C=C(C=C3O2)O)O)O)O
121	COC1=CC(=CC2=C1C(=O)C(=C(O2)C3=C(C=C(C=C3)O)OC)O)O
122	COC1=C(C=CC(=C1)C2=C(C(=O)C3=C(C=C(C=C3O2)O)O)O[C@@H]4[C@@H]([C@H]([C@@H]([C@H](O4)CO)O)O)O)O
123	COC1=CC=C(C=C1)C2=CC(=O)C3=C(O2)C(=C(C=C3O)OC)C4=C(C=CC(=C4)C5=CC(=O)C6=C(C=C(C=C6O5)O)O)O
124	C[C@]12CC[C@H]3[C@H]([C@]1(CC[C@@H]2C4=CC(=O)OC4)O)CC[C@]5([C@@]3(CC[C@@H](C5)O)C=O)O
125	CC1=CC(=O)C2(O1)C(OC3=C2C(=O)OC(=C3)/C=C/C4=CC(=C(C=C4)O)O)C5=CC(=C(C=C5)O)O
126	CCCCCCCCCCCC1=C(C(=O)C=C(C1=O)OCC)O
127	CCCCCCCCCCCC1=C(C(=O)C=C(C1=O)OC)O
128	COC(=O)C1=C(C=C(OC1=O)/C=C/C2=CC(=C(C=C2)O)O)O
129	CC(=O)/C=C(/C=C\C1=CC(=C(C=C1)O)O)\O
130	CC(=O)/C=C/C1=CC(=C(C=C1)O)O
131	CC(=O)CC1(/C(=C\C2=CC(=C(C=C2)O)O)/C3=C(O1)C=C(OC3=O)/C=C/C4=CC(=C(C=C4)O)O)OC
132	C1=CC(=C(C=C1/C=C/C2=CC3=C(C4=CC(=C(C=C4C(=O)O3)O)O)C(=O)O2)O)O
133	C1=CC(=CC=C1/C=C/C2=CC3=C(C4=CC(=C(C=C4C(=O)O3)O)O)C(=O)O2)O
134	CC1=CC2=C(C3=CC(=C(C=C3C(=O)O2)O)O)C(=O)O1
135	CC1=CC(=O)C2(O1)C(=CC3=CC(=C(C=C23)O)O)C4=CC5=C(C6=CC(=C(C=C6C(=O)O5)O)O)C(=O)O4
136	C/C=C(/C)\C(=O)O[C@H]1[C@@H]([C@]([C@@H](C2=CC(=C(C(=C2C3=C(C4=C(C=C13)OCO4)O)O)OC)OC)OC(=O)/C(=C\C)/C)(C)O)C
137	COC1=C(C=C(C=C1)C(=O)/C=C/C2=C(C(=C(C=C2O)OC)CC3=CC(=C(C=C3)O)O)OC)O
138	COC1=C(C=C(C=C1)C2=CC(=O)C3=C(C=C(C=C3O2)OC)O)C4=C(C=C(C5=C4OC(=CC5=O)C6=CC=C(C=C6)O)O)O
139	C[C@H](/C=C/[C@H](C)C(C)C)[C@H]1CC[C@@H]2[C@@]1(CC[C@H]3[C@]24C=C[C@@]5([C@@]3(CC[C@H](C5)O)C)OO4)C
140	C[C@]12CC[C@@H](C([C@@H]1CC[C@@]3([C@@H]2CC[C@@]45[C@]3(C[C@H]([C@@]6([C@H]4CC(C[C@@H]6O[C@H]7[C@@H]([C@H]([C@@H]([C@H](O7)CO)O)O)O)(C)C)[C@H](O5)O)O)C)C)(C)C)O[C@H]8[C@@H]([C@H]([C@H](CO8)O[C@H]9[C@@H]([C@H]([C@@H]([C@H](O9)CO)O)O)O[C@H]1[C@@H]([C@H]([C@@H](CO1)O)O)O)O)O[C@H]1[C@@H]([C@H]([C@@H]([C@H](O1)CO)O)O)O
141	CC1=CC[C@@H](OC1=O)[C@H](C)C2=CC[C@]3([C@@H]4CC[C@@H]5C(=C[C@]4(C[C@H]3C2=C)O)C=CC(=O)OC5(C)C)C
142	CC1=CC[C@@H](OC1=O)[C@H](C)C2=CC[C@]3([C@@H]4C[C@H]([C@@H]5C(=C[C@]4(C[C@H]3C2=C)O)C=CC(=O)OC5(C)C)O)C
143	CN1CCC2=CC(=C3C=C2[C@H]1CC4=CC5=C(C=C4)OC6=C7[C@@H](CC8=CC(=C(C=C8)O)O3)N(CCC7=CC(=C6OC5)OC)C)OC
144	CN1CCC2=CC(=C3C=C2[C@H]1CC4=CC=C(C=C4)OC5=C6[C@H](CC7=CC(=C(C=C7)O)O3)N(CCC6=CC(=C5OC)OC)C)OC
145	CN1CCC2=CC(=C3C=C2[C@H]1CC4=CC=C(C=C4)OC5=C6[C@H](CC7=CC(=C(C=C7)OC)O3)N(CCC6=CC(=C5OC)O)C)OC
146	C[C@@H]1C(=O)N[C@H](C(=O)N([C@H](C(=O)N[C@H](C(=O)N([C@H]2CC3=CC(=C(C=C3)O)C4=C(C=CC(=C4)C[C@@H](C(=O)N1)N(C2=O)C)O[C@H]5[C@@H]([C@H]([C@@H]([C@H](O5)CO)O)O)O)C)C)CC6=CC=C(C=C6)OC)C)C
147	CCCCCCCCCCCCC(C1CCC(O1)C(CC(CCCCCCCCCCCCC2=CC(OC2=O)C)O)O)O
148	COC1=C(C=C(C=C1)O)C(=O)CCC2=C(C(=C(C=C2O)OC)CC3=CC(=C(C=C3)O)O)OC
149	O1c2cc3CCn4c(c3cc2OC1)cc1c(c4)c(OC)c(OC)cc1
150	CC(=CCC1=C2C(=C(C(=C1OC)CC=C(C)C)O)C(=O)C3=C(N2)C(=CC=C3)O)C
151	CC(=CCC1=C2C(=C(C3=C1NC4=CC=CC=C4C3=O)O)C=CC(O2)(C)C)C
152	CN1C2=C(C=CC(=C2OC)O)C(=O)C3=C1C(=C(C=C3O)O)OC
153	CN1C2=C(C=CC=C2O)C(=O)C3=C1C(=C(C=C3O)OC)OC
154	CN1C2=C(C=CC=C2O)C(=O)C3=C1C(=C(C=C3O)O)OC
155	CC(=CCC1=C2C(=C3C(=C1O)C(=O)C4=CC=CC=C4N3)C=CC(O2)(C)C)C
156	COC1=C(C=CC(=C1)/C=C/C(=O)NCCC2=CC=C(C=C2)O)O
157	COC1=CC(=C(C=C1)C(=O)OC)NC(=O)C2=CC=CC=C2O
158	N1C(=O)CNC(=O)[C@H]2N(C(=O)[C@@H](NC(=O)[C@@H](NC(=O)[C@@H](NC(=O)[C@H]1[C@@H](C)CC)C(C)C)Cc1ccc(cc1)O)Cc1ccccc1)CCC2
159	CC[C@H](C)[C@H]1C(=O)N2CCC[C@H]2C(=O)NCC(=O)N[C@H](C(=O)N[C@H](C(=O)N[C@H](C(=O)N1)CO)CC3=CC=CC=C3)C(C)C
160	CCCC(=O)O[C@H]1C2=C[C@H](C[C@H]3[C@@]2([C@@H](C[C@@H]([C@]3(C)CCC(=C)C=C)C)O)[C@H](O1)OC(=O)C)OC(=O)C(C)CC
161	CCC(C)C(=O)O[C@H]1C[C@@H]2[C@@]([C@H](C[C@H]([C@@]23[C@H](O[C@H](C3=C1)OC)OC(=O)C)O)C)(C)CCC(=C)C=C
162	CCCC(=O)O[C@H]1C2=C[C@H](C[C@H]3[C@@]2([C@@H]([C@@H]([C@@H]([C@]3(C)CCC(=C)C=C)C)OC(=O)C)O)[C@H](O1)OC(=O)C)OC(=O)C(C)CC
163	CCCC(=O)O[C@H]1C2=C[C@H](C[C@H]3[C@@]2([C@@H]([C@@H]([C@@H]([C@]3(C)CCC(=C)C=C)C)O)O)[C@H](O1)OC(=O)C)OC(=O)C(C)CC
164	CCC(C)C(=O)O[C@H]1C[C@@H]2[C@@]([C@H](C[C@H]([C@@]2(C(=C1)C=O)C=O)O)C)(C)CCC(=C)C=C
165	O1[C@H](OC(=O)C)[C@@]23[C@@H]([C@]([C@H](C[C@H]2O)C)(CCC(=C)C=C)C)C[C@@H](OC(=O)[C@@H](CC)C)C=C3[C@@H]1OC(=O)C
166	CC[C@@H](C)C(=O)O[C@H]1C[C@@H]2[C@@]([C@H](C[C@H]([C@@]23[C@H](O[C@H](C3=C1)OC(=O)C)OC(=O)C)O)C)(C)CCC(=C)C=C
167	C/C/1=C\CCC2=C[C@@H](C/C(=C/[C@H]3[C@H](CC1)C(=C)C(=O)O3)/C)OC2=O
168	C1=CC(=CC=C1C2=CC(=O)C3=C(C=C(C=C3O2)O[C@H]4[C@@H]([C@H]([C@@H]([C@H](O4)CO)O)O)O)O)O
169	CC1=C(C2=C(C=C1O)OC(=CC2=O)C3=CC=C(C=C3)OC4=C(C=C5C(=C4O)C(=O)C[C@@H](O5)C6=CC=C(C=C6)O)OC)O
170	CC1[C@H]2C3C4C5[C@@]1(CCC6=CC(=O)C=C(C(=C56)C4O2)C)C(=O)O3
171	CCCCCCCCCCCCC(C1CCC(O1)C(CCCCCC(CCCCC(CC2=CC(OC2=O)C)O)O)O)O
172	C1=CC(=CC=C1CCNC(=O)/C=C/C2=CC=C(C=C2)O)O
173	C[C@H](C/C=C/C(C)(C)OC)[C@H]1CC[C@@]2([C@@]1(CC[C@]34[C@H]2C=C[C@]5([C@H]3CC[C@@H](C5(C)C)O[C@H]6[C@@H]([C@@H]([C@@H]([C@H](O6)CO)O)O)O)OC4OC)C)C
174	O1c2c3[C@@H](N(CCc3cc3OCOc23)C)Cc2ccc(Oc3cc(C[C@@H]4N(CCc5c4cc1c(OC)c5)C)ccc3OC)cc2
175	O1c2c3[C@@H](N(CCc3cc(OC)c2O)C)Cc2cc(Oc3ccc(C[C@H]4N(CCc5c4cc1c(OC)c5)C)cc3)c(OC)cc2
176	O([C@@H]1[C@]2([C@@H]3N(CC[C@@]43[C@@H](N(c3c4cc(c(OC)c3)[C@]3(C[C@@H]4C[C@](O)(CN(C4)CCc4c3[nH]c3c4cccc3)CC)C(=O)OC)C=O)[C@@]1(O)C(=O)OC)CC=C2)CC)C(=O)C
177	O1[C@]2([C@@H]1[C@H]1OC(=O)C(=C)[C@@H]1CC/C(=C/CC2)/C)C
178	C1(=C([C@H]([C@H]2[C@@H](C1)OC(=O)C2=C)O)[C@H](CCCO)C)C
179	O1[C@H]2C[C@@]3([C@@H](C[C@@H]2C(=C)C1=O)C(=C)CCC3)C
180	CC1(C)CC[C@H](O)[C@]23CO[C@@]([C@H]([C@H]12)O)(O)[C@@]12C[C@@H](CC[C@@H]31)C(=C)C2=O
181	O1[C@@]2(O)[C@]34[C@H]([C@]5([C@H]([C@H]2O)C(CC[C@@H]5OC(=O)C)(C)C)C1)CC[C@H]([C@H]3O)C(=C)C4=O
182	O1[C@H]2C(C3=C(O)C(=O)[C@]45[C@H]([C@]3(C1)C(=O)C2)CC[C@H](C4)C(=C)C5=O)(C)C
183	O1[C@@]2(O)[C@]34[C@@H]5[C@]6([C@H]([C@@H]2O)C(CC[C@@H]6O)(C)C)[C@H]1O[C@H]3[C@@H](CC5)C(=C)C4=O
184	O1[C@@]2(O)[C@]34[C@H]([C@]5([C@H](C2)C(CC[C@@H]5OC(=O)C)(C)C)C1)CC[C@H]([C@H]3O)C(=C)C4=O
185	O1[C@@]2(O)[C@]34[C@H]([C@]5([C@H]([C@@H]2O)C(CCC5)(C)C)C1)[C@@H](O)C[C@H]([C@H]3O)C(=C)C4=O
186	C1(=CC[C@@]23[C@](CC1)([C@@H](CC2)[C@](/C=C/C=C(/C(=O)O[C@H]1[C@@H]([C@H]([C@@H]([C@H](O1)CO)O)O)O)\C)(C)OC3=O)OC(=O)C)C(=O)OC
187	O[C@@H]1C([C@H]2[C@@]([C@@H]3[C@]([C@]4(C(=CC3)[C@H]3[C@@](CC4)(CCC(C3)(C)C)C(=O)O)C)(CC2)C)(CC1)C)(C)C
188	O1[C@H]2[C@H]([C@@]3([C@H]([C@@H]4[C@H]([C@@]5([C@@H](C(=O)C4)C[C@@H](O[C@@H]4O[C@@H]([C@@H](O)[C@H](O)[C@H]4O)CO[C@@H]4OC[C@@H](O)[C@@H](O)[C@H]4O)CC5)C)CC3)C2)C)[C@@H]([C@@]21OC[C@@H](CC2)C)C
189	O1[C@@]23[C@@H]4[C@@]5(C[C@@H](OC(=O)C5=C)[C@@]2(OC(=O)[C@@]3(O)CC[C@H]2[C@H]([C@]1(O)C4=O)[C@H](O)C=C1[C@]2(C)C(=O)C=CC1)C)C
190	O1[C@]23[C@H]4[C@]5(C[C@@H]6OC(=O)[C@H]5CO[C@]1(C4=O)[C@@H]1[C@@H](CC[C@@]3(O)C(=O)O[C@@]26C)[C@@]2(C(=CC1)CC=CC2=O)C)C
191	O1[C@@]23[C@@H]4[C@@]5(C[C@@H](OC(=O)[C@H]5C)[C@@]2(OC(=O)[C@]3(O)CC[C@H]2[C@H]([C@]1(O)C4=O)[C@H](O)C=C1[C@]2(C)C(=O)CC=C1)C)C
192	C(CCCCCCCCC)CCCC[C@H]([C@@H]1CC[C@@H]([C@H](CCCCC[C@@H](CC[C@H](O)CC2=C[C@@H](OC2=O)C)O)O)O1)O
193	C(CCCCCCCCC)CCCC[C@H]([C@H]1CC[C@@H]([C@H](C[C@@H](CCCCCC[C@@H](CC2=C[C@@H](OC2=O)C)O)O)O)O1)O
194	C(C[C@H]([C@@H]1CC[C@@H]([C@H](CCCCC[C@@H](CC[C@@H](CC2=C[C@@H](OC2=O)C)O)O)O)O1)O)/C=C\CCCCCCCCCCCC
195	C(CCCCCCC)CCCC[C@@H]([C@@H]1CC[C@@H]([C@H](CCCCC[C@@H](CCCC[C@@H](CC2=C[C@@H](OC2=O)C)O)O)O)O1)O
196	C(CCCCCCCCC)CCCC[C@H]([C@@H]1CC[C@@H]([C@H](CCCCC[C@@H](CCCC[C@@H](CC2=C[C@@H](OC2=O)C)O)O)O)O1)O
197	C(CCCCCCC)CCCC[C@@H]([C@H]1CC[C@@H]([C@H](CCCCC[C@@H](CCCCCC[C@@H](CC2=C[C@@H](OC2=O)C)O)O)O)O1)O
198	COc(c(O)c1)cc(C=C2)c1OC2=O
199	COC(C(c1c2cccc1)=O)=CC2=O
200	CN(C[C@H](c(cc1)ccc1O)O)C(N)=O
201	O=C(C=CC1)O[C@@H]1/C=C\c1ccccc1
202	O=C(C=CC1)O[C@H]1[C@@H]1O[C@H]1c1ccccc1
203	CC(C)([C@@H](CC[C@@]1(C)CCC2)C[C@H]1C2=C)O
204	O[C@H]([C@@H](c1ccccc1)O)/C=C(/C=C1)\OC1=O
205	O[C@H]([C@H](c1ccccc1)O)/C=C(/C=C1)\OC1=O
206	O[C@H]([C@@H](c1ccccc1)O)[C@@H](CC=C1)OC1=O
207	CC(C)([C@@H](C[C@H]([C@](C)(CCC1)C2)C1=C)C2=O)O
208	O[C@H]([C@@H](c1ccccc1)Cl)[C@@H](CC=C1)OC1=O
209	Oc(cc1C(c2c3cccc2)=O)cc(O)c1C3=O
210	Cc(cc1cc2C=C3)ccc1c(OC)c2[OH+]C3=O
211	CO[C@H]([C@H]([C@@H](CC=C1)OC1=O)O)c1ccccc1
212	C[C@]1(CC[C@H]2C3=C)O[C@@H]1CC[C@@]1(C)O[C@@H]1[C@H]2OC3=O
213	OCc(c(O)c1C(c2c3cccc2)=O)ccc1C3=O
214	OCc(c(O)c1)cc(C(c2c3cccc2)=O)c1C3=O
215	Oc(cc(c(O)c1C(c2c3cccc2)=O)O)c1C3=O
216	Cc(c(O)c(c(C(c1c2ccc(O)c1)=O)c1)C2=O)c1O
217	OC[C@H](C1=C2[NH+]=C(C=CC=C3)C3=C2C=C(C(O)=O)N1)O
218	CC(/C=C/c(c([OH+]C(C=C1)=O)c1c(OC)c1)c1OC)=C
219	CC(O[C@@H]([C@H]([C@@H](CC=C1)OC1=O)O)c1ccccc1)=O
220	CC(O[C@H]([C@H](c1ccccc1)O)[C@@H](CC=C1)OC1=O)=O
221	Oc1ccc(CCNC(/C=C/c(cc2)ccc2O)=O)cc1
222	COc(cc1C(c2c3cccc2)=O)c(CO)c(O)c1C3=O
223	C[N@@H+]([C@H]([C@H](CCC1)C([C@@H]2[C@@H](C[C@@H]3OC)O)=O)[C@H]1O)[C@@H]2[C@H]3OC
224	C[C@](CCC1)([C@H](CC[C@H](C2)C(C3)=C)[C@]23CC2)[C@H]2[C@]1(C)C(O)=O
225	COc(cc(ccnc12)c2c2-c(cccc3)c3C1=O)c2OC
226	COc1cc(CCN[C@H]2CC3(C=C4)C=CC4=O)c2c3c1OC
227	C[C@H](CC1)[C@](C)(CC/C(/C)=C\C(O)=O)[C@@H](C2)[C@]1(C)C(C)=C2C=O
228	CC(C)(CCC1)[C@H](CC2)[C@@]1(C)[C@@H](CC/C(/C)=C/C(O)=O)[C@@]2(C)O
229	C[C@](CCC1)([C@H](CC[C@H](C2)[C@H](C3)C(O)=O)[C@]23CC2)[C@H]2[C@]1(C)C=O
230	C[C@H](CC1)[C@](C)(CCC([C@H](O)O2)=CC2=O)[C@@H](CCC2)[C@]1(C)C2=C
231	C[C@H](CC1)[C@](C)(CCC([C@H](O)O2)=CC2=O)[C@@H]2[C@]1(C)C(C)=CCC2
232	C[N@@H+]([C@H]([C@H](CC[C@@H]1O)C([C@@H]2[C@@H](C[C@H]3O)O)=O)[C@H]1OC)[C@@H]2[C@H]3OC
233	C[C@H](CC1)[C@](C)(CCC([C@H](O)O2)=CC2=O)[C@@H](C2)[C@]1(C)C(C)=C2C=O
234	C[C@H](CC1)[C@](C)(CCC([C@H](O)O2)=CC2=O)[C@@H](C2)[C@]1(C)C(C)=CC2=O
235	CC(C)=CCC/C(/C)=C\COc1cc([OH+]C(C=C2)=O)c2cc1OC
236	C[C@H](CC1)[C@](C)(CC/C(/C=O)=C\C(OC)=O)[C@@H]2[C@]1(C)C(C)=CCC2
237	COc(ccc(/C=C/C(NC[C@@H](c(cc1)ccc1O)O)=O)c1)c1O
238	C1Oc2cc(-c3[n+](CC4)cc(c5c(cc6)OCO5)c6c3)c4cc2O1
239	CC(C)(CCC1)[C@@H](C[C@H]2O)[C@]1(C)[C@H]([C@H](C[C@H]([C@H]1O)C3=C)O)[C@@]12C3=O
240	COc1cc(CCN(C2)[C@H]3Cc(cc4)c2c(OC)c4O)c3cc1O
241	CO[C@@H]([C@H]([C@H](C1)NCC2)[C@]2(C[C@@H]2O)c3c1ccc(OC)c3O)[C@H]2O
242	CC(C)([C@@H](C1)OC2)[C@@H]([C@@H](C([C@H](C3)[C@H]4CC[C@H]3C(C=O)=C)=O)O)[C@]24C1=O
243	CC(C)(CCC1)[C@@H](C[C@H]2O)[C@]1(CO)[C@H]([C@H](C[C@H]([C@H]1O)C3=C)O)[C@@]12C3=O
244	CC(C)(CCC1)[C@@H](C[C@H]2O)[C@]1(C)[C@H]([C@H]([C@@H]([C@H]([C@H]1O)C3=C)O)O)[C@@]12C3=O
245	C[C@@]1(CC[C@@H]([C@H](/C=C(\C)/C2)OC3=O)C3=C)O[C@@H]1CCC1=C[C@@H]2OC1=O
246	C[C@](CCC1)(C(OC)=O)c(cc2)c1c(C1=O)c2-c(occ2C)c2C1=O
247	CC(C)(CCC1)[C@H]([C@@H]2O)[C@@]1([C@@H](CC[C@@H]([C@H]1O3)C4=C)[C@@]11C4=O)[C@@H]3O[C@@]12O
248	C[C@H]([C@@]1(C[C@H]2C(OC)=O)C=CCN3[C@H]1[C@]14CC3)[C@]24Nc2c1cccc2
249	CC(C)([C@@H](C1)OC[C@@]2([C@H](CC[C@H](C3)C([C@@H]4O)=C)[C@]34C3=O)C1=O)C2=C3O
250	CC(C)(CCC1)[C@@H](C2)[C@@]1([C@@H]1[C@H](C[C@H]([C@H]3O)C4=C)O)[C@@H](O)O[C@H]2[C@]13C4=O
251	CC(C)([C@@H]([C@@H]([C@]1(O)OC2)O)[C@@]22[C@@H](CC[C@@H](C3)C4=C)[C@@]13C4=O)C=CC2=O
252	CC(C)([C@@H]([C@@H]1O)[C@]23[C@H](CC[C@H](C4)C([C@H]5O)=C)[C@]45[C@]1(O)OC3)C=CC2=O
253	CC(C)(CC1)[C@@H]([C@@H]([C@@]([C@](C2)([C@@H]3O)[C@H]4CC[C@H]2C3=C)(O)OC2)O)[C@]24[C@H]1O
254	CC[C@@]1(C2)C=CCN(CC3)[C@@H]1[C@@]3(c(cccc1)c1N1)C1=C2C(OC)=O
255	C[C@](CC[C@@H]([C@H](/C=C(\C)/C1)OC2=O)C2=C)(/C=C/CC2=C[C@@H]1OC2=O)O
256	C/C(/C[C@@H](C=C1CCC(C(CC[C@H]2C3=C)=C)=O)OC1=O)=C\[C@H]2OC3=O
257	C[C@@](CO1)(CCC[C@@]2(CO3)[C@H]([C@@H](C[C@H](C4)C(C5=O)=C)O)[C@]45C3=O)[C@H]2C1=O
258	CC(C)(CC1)[C@@H]([C@@H]([C@@]([C@@]([C@H]2O)([C@H]3CC[C@@H]2C2=C)C2=O)(O)OC2)O)[C@@]23[C@@H]1O
259	CC(C)(CCC1)[C@@H](C2)[C@@]1([C@@H]1[C@H](C[C@H]([C@H]3O)C4=C)O)[C@@H](OC)O[C@H]2[C@]13C4=O
260	CC(C)(CCC1)[C@H]([C@@H]2O)[C@@]1([C@@H]([C@H](C[C@@H]([C@H]1O3)C4=C)O)[C@]11C4=O)[C@@H]3O[C@@]12O
261	CCO[C@H]([C@@]1([C@H](C2)C(C)(C)CCC1)[C@@H]1[C@H](C[C@H]([C@H]3O)C4=C)O)O[C@H]2[C@]13C4=O
262	CC[C@@]1(C2)C=CCN(CC3)[C@H]1[C@@]3(c(ccc(OC)c1)c1N1)C1=C2C(OC)=O
263	COc(cc(c(c(O)c1CO2)c3)c(-c(cc4)cc5c4OCO5)c1C2=O)c3OC
264	CC(C)(CC[C@H]1O)[C@@H]([C@H]2O)[C@@]1([C@H](CC[C@@H]([C@H]1O)C3=C)[C@]11C3=O)[C@@H](OC)O[C@@]12O
265	CC(C)(CC[C@@H]1O)[C@@H]([C@@H]2O)[C@@]1([C@H](CC[C@H]([C@H]1O)C3=C)[C@@]11C3=O)[C@@H](OC)O[C@@]12O
266	C[C@@H]([C@@H]([C@H](C[C@@H]1N2[C@H]3C[C@]45c(cccc6)c6N=C14)[C@@H]3[C@H]5OC(C)=O)[C@@H]2O)OC
267	CC(C)(CCC1)[C@@H](C[C@H]2O)[C@]1(COC(C)=O)[C@H]([C@H](C[C@H]([C@H]1O)C3=C)O)[C@@]12C3=O
268	CC(C)(CCC[C@@]1(C[C@H]([C@@H](C[C@H](C2)C3=C)OC(C)=O)[C@@]22[C@@H]3O)OC2=O)[C@H]1C=O
269	C[C@](CO)(CCC1)[C@@H](C[C@H]2O)[C@]1(COC(C)=O)[C@H](CC[C@H]([C@H]1O)C3=C)[C@@]12C3=O
270	C[C@H](C[C@]1(C(C)(C)[C@H]1[C@@H]1C=C(CO)C[C@@]([C@H]2C=C3C)(C3=O)O)OC(C)=O)[C@]12O
271	COc1ccc(C[C@@H](c(cc2OC)c(CC3)c(OC)c2OC)N3C2=O)c2c1OC
272	CC(C)(CCC1)[C@@H](C2)[C@@]1([C@@H]1[C@@H](C[C@@H]([C@@H]3O)C4=C)OC(C)=O)[C@@H](OC)O[C@H]2[C@]13C4=O
273	COc(cc(c(c(OC)c1CO2)c3)c(-c(cc4)cc5c4OCO5)c1C2=O)c3OC
274	COc(c(OC)c1)cc([C@]2(CC3)[C@H]4[C@@H]5[C@@H](C6)OCC=C7[C@H]5C[C@@H]2N3C7)c1N4C6=O
275	CC(C)(CC[C@@H]1OC([C@](C[C@@H](C2)C3=C)([C@@H]3OC(C)=O)[C@H]3[C@H]2O[C@H]2C=O)=O)[C@@H]2[C@@]13C=O
276	C[C@H]([C@@]1(C2)C=C[C@H](CC(C)=O)N(CC3)[C@@H]1[C@]3(c(cccc1)c1N1)C1=C2C(OC)=O)O
277	C[C@H]([C@@]1(O[C@H]2C[C@@H]3[C@]4(C)CC[C@H]5[C@@](C)(CC[C@@H](C6)O)C6=CC[C@H]35)OC[C@@H](C)CC1)[C@]24O
278	CC[C@H](CC[C@@H](C)[C@@H](CC1)[C@@](C)(CC[C@@H]2[C@@](C)(CC[C@@H](C3)O)C3=C3)[C@H]1[C@@H]2C3=O)C(C)C
279	CC[C@H](CC[C@@H](C)[C@@H](CC1)[C@@](C)(CC[C@@H]2[C@@](C)(CC[C@@H](C3)O)C3=C3)[C@H]1[C@@H]2[C@@H]3O)C(C)C
280	CC[C@H](CC[C@@H](C)[C@@H](CC1)[C@@](C)(CC2)[C@H]1[C@H](CC1=O)[C@H]2[C@@](C)(CC2)C1=CC2=O)C(C)C
281	CC[C@H](CC[C@@H](C)[C@@H](CC1)[C@@](C)(CC2)[C@H]1[C@H](C[C@H]1O)[C@H]2[C@@](C)(CC2)C1=CC2=O)C(C)C
282	CC[C@H](CC[C@@H](C)[C@@H](CC1)[C@@](C)(CC2)[C@H]1[C@H](C[C@@H]1O)[C@H]2[C@]2(C)C1=C[C@H](C)CC2)C(C)C
283	CC1(C)C[C@@H]2C3=CC[C@H]([C@](C)(CC4)[C@@H](CC5)C(C)(C)[C@@H]4O)[C@@]5(C)[C@@]3(C)CC[C@@]2(CO)CC1
284	CC(C)[C@H](C[C@H]1O)[C@](C)(CC2)[C@H]1[C@]1(C)[C@]2(C)C2=CC[C@@H](C(C)(C)[C@H](CC3)O)[C@@]3(C)C2=CC1
285	CC(C)[C@@H]1[C@](C)(CC[C@](C)([C@H]2[C@@H](C3)O)[C@]4(C)CC=C2[C@](C)(CC2)[C@@H]3C(C)(C)[C@H]2O)C4=CC1
286	CC[C@H](CC[C@@H](C)[C@@H](CC1)[C@@](C)(CC[C@@H]2[C@@](C)(CC[C@@H](C3)O)[C@]3([C@@H]3O)O)[C@H]1[C@@H]2[C@@H]3O)C(C)C
287	CC[C@@H](C(C)C)[C@H]([C@@H]([C@@H](C)[C@@H](CC1)[C@@](C)(CC[C@@H]2[C@@](C)(CC[C@@H](C3)O)C3=C3)[C@H]1[C@@H]2C3=O)O)O
288	O[C@H]([C@H](c1ccccc1)O[C@@H]([C@@H]([C@@H](CC=C1)OC1=O)O)c1ccccc1)[C@@H](CC=C1)OC1=O
289	CC(C)([C@H](CC1)[C@](C)(CC2)[C@@H](CC3)[C@]1(C)[C@](C)(CC1)[C@H]3[C@@H]([C@@H](CC3)C(C)=C)[C@@]13C(O)=O)[C@@H]2O
290	C[C@@H](C[C@@H]([C@@](C)([C@@](CC1)([C@@](C)(CC2)[C@@H]1[C@H](C[C@H]1O[C@@]11[C@H](C=C3)O)[C@H]2[C@@]1(C)C3=O)O)O)O1)[C@@H](C)C1=O
291	C[C@H](C[C@H]1O2)[C@H]([C@@](C)(CC3)[C@@](C)([C@H]4O)C5=C3C[C@]3(CC6)O[C@@H]6C(C)(C)[C@@H]3CC5)[C@@]24O[C@@H]1C(C)(C)O
292	C[C@H](C[C@]([C@@H]1O)(OC[C@]1(C)O)O[C@H]1C[C@@]2(C)[C@H](CC3)[C@@](C4)(C5)[C@@]4(CC4)[C@H]3C(C)(C)[C@H]4O)[C@H]1[C@H]2C5=C
293	C[C@H](C[C@H]([C@@H](C(C)(C)O)O)O1)[C@@H]([C@@](C)(CC[C@@]2(C3)[C@]33CC4)[C@@](C)(C=O)C2=CC[C@@H]3C(C)(C)[C@H]4O)C1=O
294	C[C@]([C@@H](C[C@@](C)([C@@H]12)[C@H]3CO[C@@]22[C@@H]([C@H](CC[C@]45O)[C@H]67)C=CC7=CC=CC6=O)OC3=O)([C@]15OC2=O)OC4=O
295	C[C@H](C[C@]([C@@H]1O[C@@]11C)(O[C@@H]1OC)O[C@H]1C[C@@]2(C)[C@H](CC3)[C@@](C4)(C5)[C@@]4(CC4)[C@H]3C(C)(C)[C@H]4O)[C@H]1[C@H]2C5=C
296	COc(cc(c(c(O[C@@H]([C@@H]1O)OC[C@@]1(CO)O)c1CO2)c3)c(-c(cc4)cc5c4OCO5)c1C2=O)c3OC
297	CC(C)[C@H](C[C@H]1OC(C)=O)[C@](CO)(CC2)[C@H]1[C@]1(C)[C@]2(C)[C@H]([C@H](C[C@@H](C2(C)C)[C@]3(C)CC[C@@H]2O)O)C3=CC1
298	CC(C)[C@H](C[C@H]1OC(C)=O)[C@](CO)(CC2)[C@H]1[C@]1(C)[C@]2(C)[C@H]([C@H](C[C@@H](C2(C)C)[C@]3(C)C=CC2=O)O)C3=CC1
299	C[C@@H]([C@@H]([C@@H](C1)OC(C)=O)[C@@](C)(CC2)[C@H]1[C@@H](C[C@H]1O[C@@]11[C@H](C=C3)O)[C@H]2[C@@]1(C)C3=O)[C@@H](C[C@]1(C)O[C@]11C)O[C@@H]1O
300	C[C@H]([C@@](C)(C[C@H]([C@@H]([C@@]1([C@]2(CC[C@@H]([C@H]3C[C@@H]([C@]4(CC=C5)O)O)[C@H]4C5=O)O)O[C@@]33OC)OC2=O)O2)[C@@H]1C3=O)C2=O
301	C[C@]([C@@H](C[C@@](C)([C@H]12)[C@H]3CO[C@@]22[C@@H]([C@H](CC[C@@]45O)[C@@]6(C)C(C7)=O)C=CC6=C[C@@H]7O)OC3=O)([C@]15OC2=O)OC4=O
302	C[C@H](C[C@H]1O2)[C@H]([C@@](C)(CC3)[C@@](C)([C@H]4O)[C@H](CC5)[C@]3(C3)[C@@]3(CCC(OC)=O)[C@@H]5C(C)(C)O)[C@]24O[C@@H]1C(C)(C)O
303	C[C@H](C[C@H]([C@@H](C(C)(C)OC)OC(C)=O)O[C@@H]12)[C@@H]2[C@@](C)(CC[C@](C2)([C@H]3CC4)[C@@]2(CC2)[C@H]4C(C)(C)[C@H]2O)[C@@]3(C)C1=O
304	C[C@@]([C@H](C[C@@]1(C)[C@@H]2C3=O)O4)([C@]2([C@]2(CC[C@@H]([C@@H]5C[C@H]([C@@]6(CC=C7)O)O)[C@@]6(C)C7=O)O)O[C@@]35OC[C@@H]1C4=O)OC2=O
305	CCCCC/C=C/C=C/C(O[C@@H]([C@@H](C)[C@]([C@@H]1C=C(C)C2=O)([C@H]([C@@H]3C4(C)C)C=C(CO)C[C@]12O)O)[C@]34OC(C)=O)=O
306	C[C@@]([C@@H](C1)[C@@H]1C1)([C@H]1CC1=C2COC(C)=O)[C@H](C[C@]([C@@H](C3)[C@@H]3[C@]3(C)[C@H](C4=O)O)(C3=C3/C4=C(\C)/C(OC)=O)O)[C@]13OC2=O
307	CN(CCc1c2)[C@@H](Cc(cc3)ccc3Oc(cc(CC3=NCC4)cc5)c5O)c1c1Oc5cc3c4cc5Oc1c2OC
308	CC[C@@H](C)CO[C@@H]([C@](C)([C@@](C)(C1)O)O)O[C@H]1[C@@H](C)[C@@H]([C@@H](C1)O)[C@@](C)(CC2)[C@H]1[C@H](C[C@@H]([C@@]1([C@H](C=C3)O)O)O)[C@H]2[C@@]1(C)C3=O
309	C[C@H](C/C=C/C(C)(C)OC)[C@@H](CC1)[C@@](C)(CC2)[C@]1(C)[C@H]([C@H](C=C([C@H]1CC3)C(C)(C)[C@H]3OC(CC(OC)=O)=O)O)[C@]12C=O
310	CCCCCCCCCCCCCC[C@@H]([C@H](CC1)O[C@H]1[C@@H](CC[C@@H](CCCCC[C@H](CC1=C[C@H](C)OC1=O)O)O)O)O
311	COc1ccc([C@H]([C@@H](C[C@@H]([C@@H](c(cc2)ccc2OC)Oc2c3c(O)cc(O)c2)C3=O)C2=O)Oc3c2c(O)cc(O)c3)cc1
313	C[C@H](C[C@H]1O2)[C@@H]([C@@](C)(CC[C@@]3(C4)[C@@]44CC5)[C@@](C)([C@H]6O)C3=CC[C@@H]4C(C)(C)[C@H]5O[C@@H]([C@@H]([C@H]3O)O)OC[C@H]3O)[C@]26O[C@@H]1C(C)=C
314	C[C@H](C[C@H]1O2)[C@H]([C@@](C)(CC3)[C@@](C)([C@H]4O)[C@H](CC5)[C@]3(C3)[C@@]3(CC3)[C@H]5C(C)(C)[C@H]3O[C@@H]([C@@H]([C@H]3O)O)OC[C@H]3O)[C@]24O[C@@H]1C(C)=C
315	CN(CC1)[C@H](Cc(cc2)cc(Oc3ccc(C[C@@H](c4c5Oc6c7)N(C)CCc4c4)cc3)c2OC)c7c1cc6Oc5c4OC
316	CC(C)(CC[C@@]12COC(C)=O)C[C@@H]2C2=CC[C@H]([C@@](C)(CC3)[C@H](C[C@@H]4OC(C)=O)C(C)(C)C3=O)[C@]4(C)[C@]2(C)C[C@@H]1OC(C)=O
317	C[C@H](C[C@@]1(OC[C@]2(C)O[C@H]12)O[C@H]1C2)[C@@H]1[C@@](C)(CC1)[C@]2(C)[C@H]([C@H](C2)O)[C@]1(C1)[C@@]1(CC1)[C@H]2C(C)(C)[C@@H]1O[C@@H]([C@@H]([C@H]1O)O)OC[C@H]1O
318	C[C@H](C[C@@]1(OC[C@]2(C)O[C@H]12)O[C@H]1C2)[C@@H]1[C@@](C)(CC1)[C@]2(C)[C@H]([C@H](C2)O)[C@]1(C1)[C@@]1(CC1)[C@H]2C(C)(C)[C@@H]1O[C@H]([C@H]([C@H]1O)O)OC[C@H]1O
319	CCC1=C(C)/C2=C/[C@H]([C@@H]([C@H]3C)C=C)[NH2+][C@H]3/C=C(/[C@@H](C)[C@H]3CCC(O)=O)\N=C3C([C@H](C(OC)=O)C([C@H]3[C@@H]4C)=O)=C3[NH2+]/C4=C\C1=N2
320	CCCCCCCCCCCC/C=C\CC[C@H]([C@@H](CC[C@@H]([C@H]1O[C@H](CCCCC[C@@H](CC2=C[C@H](C)OC2=O)O)CC1)O)O)O
321	CN(CCc1c2)[C@H](Cc(cc3)cc(Oc4cccc(C[C@@H](c5c6O7)NCCc5cc5c6OCO5)c4)c3OC)c1cc7c2OC
322	CN(CCc1cc2c3OCO2)[C@H](Cc(cc2)ccc2Oc(cc(C[C@H](c2c4)NCCc2c2)cc5)c5OC)c1c3Oc4c2OC
323	C[N@@+](CCc1cc2c3OCO2)([C@@H](Cc(cc2)ccc2Oc(cc(CC(c2c4)=NCCc2c2)cc5)c5OC)c1c3Oc4c2OC)[OH-]
324	C[C@H](CC[C@]1([C@H]2C3=CC[C@H]([C@@](C)(CC4)[C@@H](CC5)C(C)(C)[C@H]4O)[C@]5(C)[C@]3(C)CC1)C(O[C@@H]([C@@H]([C@@H]1O)O)O[C@@H](CO)[C@@H]1O)=O)[C@@]2(C)O
325	CN(CCc1c2)[C@H](Cc(cc3)cc(Oc4ccc(C[C@@H]5N(C)CCc(cc6OC)c5c(O5)c6O)cc4)c3OC)c1cc5c2OC
326	COc(cc(c(c(O[C@@H]([C@@H]1O[C@@H]([C@@H]([C@@H]2O)O)OC[C@@H]2O)OC[C@]1(CO)O)c1CO2)c3)c(-c(cc4)cc5c4OCO5)c1C2=O)c3OC
327	C[C@H](C[C@H](C=C(C)C)OC)[C@@H](CC1)[C@@](C)(CC2)[C@]1(C)[C@H]([C@H](C=C([C@H]1CC3)C(C)(C)[C@H]3O)O[C@H]([C@H]([C@@H]3O)O)O[C@@H](CO)[C@H]3O)[C@@]12C=O
328	C[C@H](C/C=C/C(C)(C)OC)[C@@H](CC1)[C@@](C)(CC2)[C@]1(C)[C@H]([C@H](C=C([C@H]1CC3)C(C)(C)[C@H]3O)O[C@H]([C@H]([C@@H]3O)O)O[C@@H](CO)[C@H]3O)[C@@]12C=O
329	C[C@@H]([C@@H]([C@H]([C@H]1O)O)O)O[C@H]1O[C@H]([C@H]([C@H](OCCc(cc1)cc(OC)c1O)O[C@@H]1CO)O)[C@@H]1OC(/C=C\c(cc1)cc(OC)c1O)=O
330	C[C@@]([C@H]1[C@@H]2C1)([C@H](CC1=C3CO)[C@@]2(COC(/C(/C)=C/C)=O)O)[C@H](CC([C@@H]2[C@H]4C2)=C([C@@H]2/C(/C5=O)=C(\C)/C(OC)=O)[C@@]4(C)[C@@H]5O)[C@@]12OC3=O
331	C[C@H]([C@@H]([C@@H]1[C@@]2([C@@H]([C@@]3(CO)O[C@H]33)O)O)[C@@H](C)CCCCCCC[C@]4(O[C@]5(C[C@H]6C)C(C)=C)O[C@]16[C@@H]3[C@H]5O4)[C@@H]2OC(c1ccccc1)=O
332	C[C@H]([C@@H]([C@@H]1[C@@]2([C@@H]([C@@]3(CO)O[C@H]33)O)O)[C@H](C)CCCCCCC[C@]4(O[C@]5(C[C@H]6C)C(C)=C)O[C@]16[C@@H]3[C@H]5O4)[C@@H]2OC(c1ccccc1)=O
333	C[C@H](C[C@H]1O2)[C@H]([C@@](C)(CC3)[C@@](C)([C@H]4O)[C@H](CC5)[C@]3(C3)[C@@]3(CC3)[C@H]5C(C)(C)[C@H]3O[C@@H]([C@@H]([C@H]3OC(C)=O)O)OC[C@@H]3O)[C@]24O[C@@H]1C(C)=C
334	CC(C)(CC[C@]1([C@H]2C3=CC[C@H]([C@@](C)(C[C@H]4O)[C@H](CC5)C(C)(C)[C@@H]4O)[C@]5(C)[C@]3(C)CC1)C(O[C@@H]([C@@H]([C@H]1O)O)O[C@H](CO)[C@H]1O)=O)[C@H]2O
335	CN(CCc1c2)[C@H](Cc(cc3)ccc3OC)c1cc(Oc(cc(C[C@H]1N(C)CCc(cc3OC)c1cc3OC)cc1)c1O)c2OC
336	CC[C@@](CCC1)(C2)[C@@H]3N1CC[C@@H]([C@@H]1[C@H]4CCCC1)[C@H]3[N@H+]4[C@H]2[C@@H](C[C@@H]([C@H](C1)N2)[C@@](CC3)([C@H]4N3CC=C[C@@]4(CC)C3)C2=C3C(OC)=O)[C@H]1O
337	C[C@H](C[C@H]1O2)[C@H]([C@@](C)(CC[C@@]3(C4)[C@]44CC5)[C@@](C)([C@H]6O)C3=CC[C@@H]4C(C)(C)[C@H]5O[C@H]([C@H]([C@@H]3O)O)OC[C@H]3O)[C@]26O[C@@H]1C(C)(C)OC(C)=O
338	C[C@H](C[C@H]1O2)[C@H]([C@@](C)(CC3)[C@@](C)([C@H]4O)[C@H](CC5)[C@]3(C3)[C@@]3(CC3)[C@H]5C(C)(C)[C@H]3O[C@@H]([C@@H]([C@H]3O)OC(C)=O)OC[C@@H]3OC(C)=O)[C@]24O[C@@H]1C(C)(C)O
339	C[C@H](C[C@H]1O2)[C@H]([C@@](C)(CC3)[C@@](C)([C@H]4O)[C@H](CC5)[C@]3(C3)[C@@]3(CC3)[C@H]5C(C)(C)[C@H]3O[C@@H]([C@@H]([C@H]3OC(C)=O)O)OC[C@@H]3OC(C)=O)[C@]24O[C@@H]1C(C)(C)O
340	C[C@@H]([C@@H]([C@H](C1)O2)[C@@](C)(CC3)[C@@H]1[C@H]1[C@H]3[C@@](C)(CC[C@@H](C3)O[C@H]([C@@H]([C@H]4O)O)O[C@H](CO)[C@H]4O[C@H]([C@H]([C@@H]4O)O)O[C@H](C)[C@H]4O)C3=CC1)[C@@]21OC[C@@H](C)CC1
341	C[C@H]([C@@H]([C@H](C1)O2)[C@@](C)(CC3)[C@@H]1[C@H]1[C@H]3[C@@](C)(CC[C@H](C3)O[C@H]([C@@H]([C@H]4O)O)O[C@H](CO)[C@H]4O[C@H]([C@H]([C@@H]4O)O)O[C@H](C)[C@H]4O)C3=CC1)[C@]21OC[C@@H](C)CC1
342	CC[C@]1(C2)C=CCN(CC3)[C@H]1[C@]3(c(cc([C@@H](C[C@@]13c(cccc4)c4N[C@@]1(CC1)[C@@H](C4)C(OC)=O)N5[C@@H]3[C@]14C=CC5)c(O)c1)c1N1)C1=C2C(OC)=O
343	CC[C@@]12C(C(OC)=O)=C3Nc4cc(O)c([C@@H]5N(CC[C@@]6([C@]7(C8)C(OC)=O)c(cccc9)c9NC7=O)[C@H]6[C@@]8(C=C)C=C5)cc4[C@H]3[C@@H](CC3)[C@@H]2N3CC=C1
344	CC[C@@]12C(C(OC)=O)=C3Nc4cc(O)c([C@H]5N(CC[C@@]6([C@]7(C8)C(OC)=O)c(cccc9)c9NC7=O)[C@H]6[C@@]8(C=C)C=C5)cc4[C@H]3[C@@H](CC3)[C@@H]2N3CC=C1
345	C[C@]([C@H]1[C@H]2C1)([C@@H](CC1=C3OC(CCC(O)=O)=O)[C@@]2(O)OC(/C=C(\C)/CO)=O)[C@H](CC([C@@H]2[C@H]4C2)=C([C@@H]2/C(/C5=O)=C(\C)/C(OC)=O)[C@@]4(C)[C@@H]5O)[C@@]12OC3=O
346	C[C@]([C@H]1[C@@H]2C1)([C@@H](CC1=C3COC(CCC(OC/C=C(\C)/C(OC4)=O)=O)=O)[C@]24O)[C@@H](CC([C@@H]2[C@H]4C2)=C([C@H]2/C(/C5=O)=C(\C)/C(OC)=O)[C@]4(C)[C@@H]5O)[C@@]12OC3=O
347	CC(C)[C@H](C[C@@H]1O)[C@@](COC(C)=O)(CC2)[C@H]1[C@]1(C)[C@]2(C)[C@@H]([C@H](C[C@@H](C2(C)C)[C@@]3(C)CC[C@@H]2O[C@H]([C@H]([C@@H]2O)O)O[C@@H](CO[C@@H]([C@@H]([C@H]4O)O)O[C@H](CO)[C@H]4O)[C@@H]2O)O)C3=CC1
348	C[C@H]([C@@H]([C@H](C1)O2)[C@@](C)(CC3)[C@@H]1[C@H]1[C@H]3[C@@](C)(CC[C@@H](C3)O[C@H]([C@@H]([C@H]4O)O[C@H]([C@H]([C@H]5O)O)O[C@H](C)[C@H]5O)O[C@H](CO)[C@H]4O[C@H]([C@H]([C@@H]4O)O)O[C@@H](C)[C@H]4O)C3=CC1)[C@@]21OC[C@H](C)CC1
349	C[C@@H]([C@@H]([C@H](C1)O2)[C@@](C)(CC3)[C@@H]1[C@H]1[C@H]3[C@@](C)(CC[C@H](C3)O[C@H]([C@@H]([C@H]4O)O[C@H]([C@H]([C@@H]5O)O)O[C@H](C)[C@H]5O)O[C@H](CO)[C@H]4O[C@H]([C@H]([C@@H]4O)O)O[C@@H](C)[C@H]4O)C3=CC1)[C@]21OC[C@@H](C)CC1
350	C[C@@H]([C@@H]([C@H](C1)O2)[C@@](C)(CC3)[C@@H]1[C@H](CC1)[C@H]3[C@@](C)(CC3)[C@@H]1C[C@H]3O[C@H]([C@@H]([C@H]1O)O[C@@H]([C@@H]([C@H]3O)O)O[C@H](C)[C@H]3O)O[C@H](CO)[C@H]1O[C@H]([C@H]([C@@H]1O)O)O[C@H](C)[C@H]1O)[C@@]21OC[C@@H](C)CC1
351	C[C@@H]([C@@]1(O[C@@H]2C[C@@H]3[C@@]4(C)CC[C@H]5[C@@](C)(CC[C@@H](C6)O[C@@H]([C@@H]([C@H]7O)O[C@@H]([C@@H]([C@@H]8O)O)O[C@@H](C)[C@@H]8O)O[C@H](CO)[C@H]7O[C@@H]([C@@H]([C@@H]7O)O)O[C@@H](C)[C@@H]7O)C6=CC[C@H]35)OC[C@@H](C)CC1)[C@@]24O
352	C[C@H](C(N[C@@H](C)C(N(C)[C@@H](Cc(cc1)ccc1OC)C(N[C@@H](C)C(N(C)[C@H](Cc(cc1)cc(-c(cc(C[C@@H]2N3C)cc4)c4O[C@@H]([C@H]([C@H]4O)O)O[C@H](CO)[C@H]4O)c1O)C3=O)=O)=O)=O)=O)NC2=O
